{
  "assetsByChunkName": {
    "vendors~app-account~app-confirmation~app-order": "chunk.71b4338a8ba2b09dcc15.js",
    "vendors~app-account~app-checkout": "chunk.03865a9e2adcdaee1943.js",
    "vendors~app-cart~app-checkout": "chunk.54316e7396a7b7b54dab.js",
    "admin": [
      "admin.247089f7bfa1b6002715.js",
      "admin.247089f7bfa1b6002715.js.map"
    ],
    "app-account": "chunk.9797d57a49ef88abdb06.js",
    "app-checkout": "chunk.effa0f5dff7a2b869669.js",
    "app-confirmation": "chunk.991c18c5baf7d1823ae6.js",
    "checkout": [
      "checkout.a9202043032e9e6fb49c.js",
      "checkout.a9202043032e9e6fb49c.js.map"
    ],
    "storefront": [
      "storefront.da94f15967cac5eea4e5.css",
      "storefront.d60e05ba79d8414deb92.js",
      "storefront.da94f15967cac5eea4e5.css.map",
      "storefront.d60e05ba79d8414deb92.js.map"
    ],
    "vendors~app-cart": "chunk.cba6822fa22650d7e53e.js",
    "vendors~app-order": "chunk.011b7b0798ad7f6bc20a.js"
  }
}