{
  "title": "Condições de entrega",
  "meta_title": "Condições de entrega",
  "meta_description": "Entregamos no mesmo dia o seu presente! Pague com segurança pelo Site. Veja como surpreender a pessoa amada com Flores, chocolate e muito mais!",
  "body": "  <h3>Entrega:</h3>\n  <p>\n    O prazo é calculado de acordo com o CEP fornecido e encontra-se na finalização do seu pedido, logo abaixo do\n    endereço de\n    entrega.\n  </p>\n  <p>\n    <strong>*O prazo de entrega pode variar em função da faixa de CEP.</strong> A data do pedido não conta para o cálculo do prazo de\n    entrega, e sim a data da confirmação do pagamento. Os prazos para confirmação de pagamento são: cartão em até 02\n    (dois) dias úteis, boleto bancário e transferência online em até 02 (dois) dias úteis.\n  </p>\n  <p>\n    Esta contagem de confirmação se dará após a data de pedido. As datas de entrega são uma estimativa, e podem haver\n    atrasos devido à fatores externos tais como chuvas em excesso, áreas de risco extremo, zonas rurais, entre outros.\n  </p>\n  <p>\n    Serão realizadas até 3 tentativas de entregas, e caso nenhuma delas tenha sucesso a sua encomenda poderá ficar\n    aguardando retirada em uma agência perto de você.\n  </p>\n  <p>\n    Se não tivermos estoque disponível para entrega do produto, você será comunicado por telefone pelo nosso pessoal de\n    atendimento ao Cliente.\n  </p>\n  <p>\n    Em caso de retorno da encomenda ao remetente, por não preenchimento do endereço e/ou informações insuficientes, o\n    reenvio será por conta do destinatário de forma integral.\n  </p>\n\n<p>\n\nCaso deseje entrega em uma data específica, ou no mesmo dia, entre em contato conosco para confirmar disponibilidade. Será um prazer atendê lo e levar esse lindo presente\n\n</p>",
  "sections": [
    {
      "type": "responsive-banner",
      "img": "/img/uploads/banners-categoria-ichoco-2-.png"
    }
  ]
}