{
  "sections": [
    {
      "type": "breadcrumbs",
      "enabled": true
    },
    {
      "type": "page-title"
    },
    {
      "type": "document-banner",
      "enabled": true
    },
    {
      "type": "category-retail",
      "enabled": true,
      "sort": "sales"
    },
    {
      "type": "document-description",
      "enabled": true
    },
    {
      "type": "banners-grid",
      "banners": [
        {
          "img": "/img/uploads/entrega-em-sete-lagoas-ate-22h-1-.png",
          "link": "/pages/entrega"
        },
        {
          "img": "/img/uploads/2-13-.png",
          "link": "https://bit.ly/32kl0Ip"
        }
      ]
    }
  ]
}