{
  "meta_title": "Cesta de Chocolate, Presentes, Café da manhã | ICHOCO ",
  "meta_description": "Compre cesta de chocolate e presentes na ICHOCO. Aqui você encontra diversas opções, e garantimos o melhor preço.",
  "sections": [
    {
      "type": "banner-slider",
      "autoplay": 9000,
      "slides": [
        {
          "start": "",
          "end": "",
          "img": "/img/uploads/banner-ichoco-2-.png",
          "link": "/cesta-cafe-da-manha"
        },
        {
          "start": "",
          "end": "",
          "link": "/canecas-divertidas",
          "img": "/img/uploads/banner-ichoco-9-.png"
        },
        {
          "start": "",
          "end": "",
          "img": "/img/uploads/banner-ichoco-1-.png",
          "link": "/monte-sua-cesta",
          "alt": ""
        }
      ],
      "full_width": true
    },
    {
      "type": "info-bar",
      "enabled": true
    },
    {
      "type": "collection-shelf",
      "shuffle": false,
      "collection_id": "608222403983002ac495e49d:categories:Cesta café da Manhã:/cesta-cafe-da-manha",
      "limit": 12,
      "page": 1,
      "sort": "news",
      "title": "Os mais vistos",
      "headless": false
    },
    {
      "type": "collection-shelf",
      "shuffle": false,
      "limit": 12,
      "page": 1,
      "collection_id": "60bacc03641ad82fcc20b2e7:categories:Cesta com Bebidas:/bebida",
      "sort": "news"
    },
    {
      "type": "responsive-banner",
      "link": "/canecas-divertidas?",
      "img": "/img/uploads/banner-ichoco-8-.png",
      "mobile_img": ""
    },
    {
      "type": "banners-grid",
      "banners": [
        {
          "img": "/img/uploads/canjica-milho-pacoca..png",
          "link": "/romantico?",
          "mobile_img": ""
        },
        {
          "img": "/img/uploads/canjica-milho-pacoca.-1-.png",
          "link": "/canecas-divertidas?"
        },
        {
          "img": "/img/uploads/campanha-banner-post.png",
          "link": "/caneca-infantil?",
          "mobile_img": ""
        },
        {
          "img": "/img/uploads/canjica-milho-pacoca.-2-.png"
        }
      ]
    },
    {
      "page": 1,
      "title": "Promoções de Natal",
      "shuffle": false,
      "headless": true,
      "type": "collection-shelf",
      "link": "",
      "limit": 12,
      "collection_id": "61ae0cf30c7c727225b9017f:categories:Natal:/natal",
      "sort": "lowest_price"
    },
    {
      "type": "banners-grid",
      "banners": [
        {
          "link": "/monte-sua-cesta",
          "img": "/img/uploads/campanha-banner-post-1-.png"
        },
        {
          "link": "/ate-45-reais",
          "img": "/img/uploads/campanha-banner-post-2-.png"
        },
        {
          "alt": "",
          "img": "/img/uploads/campanha-banner-post-3-.png",
          "link": "/ate-75-reais"
        }
      ]
    },
    {
      "type": "banner-slider",
      "autoplay": 9000,
      "slides": [
        {
          "start": "2021-04-29T23:18:59.038Z",
          "end": "2021-04-29T23:18:59.075Z",
          "img": "/img/uploads/copia-de-banners-categoria-ichoco.png"
        }
      ],
      "full_width": true
    },
    {
      "type": "collection-shelf",
      "shuffle": false,
      "limit": 12,
      "page": 1,
      "collection_id": "60f9c09bcfb89c2ad571ce8b:categories:Canecas Divertidas:/canecas-divertidas",
      "title": "Canecas Divertidas!",
      "sort": "views"
    },
    {
      "type": "page-title",
      "title": "Cestas de Presente Lindas e Personalizadas, é com Ichoco!",
      "description": ""
    },
    {
      "type": "collection-shelf",
      "shuffle": false,
      "limit": 12,
      "page": 1,
      "collection_id": "60bd1b0a641ad82fcc2190d6:categories:Novidade:/novidade",
      "title": "",
      "headless": false,
      "sort": "news"
    },
    {
      "type": "banner-slider",
      "autoplay": 9000,
      "slides": [
        {
          "start": "",
          "end": "",
          "img": "/img/uploads/banners-categoria-ichoco-4-.png"
        }
      ],
      "full_width": true
    }
  ]
}