{
  "sections": [
    {
      "type": "breadcrumbs",
      "enabled": true
    },
    {
      "type": "product-block",
      "enabled": true
    },
    {
      "type": "responsive-banner",
      "img": "/img/uploads/monte-e-personalize-sua-cesta-1-.jpg"
    },
    {
      "type": "product-description",
      "enabled": true
    },
    {
      "type": "product-specifications",
      "enabled": true
    },
    {
      "type": "related-products",
      "title": "Produtos relacionados"
    },
    {
      "type": "recommended-products",
      "title": "Quem comprou este produto, também comprou:"
    },
    {
      "type": "banners-grid",
      "banners": [
        {
          "img": "/img/uploads/6.jpg",
          "link": "/monte-sua-cesta",
          "alt": "Monte a sua cesta"
        },
        {
          "img": "/img/uploads/7.jpg",
          "link": "/bomboniere-doces-chocolates",
          "alt": "Doces para cesta"
        },
        {
          "img": "/img/uploads/8.jpg",
          "link": "/flores",
          "alt": "Escolha as flores para a cesta"
        }
      ]
    },
    {
      "type": "banners-grid",
      "banners": [
        {
          "img": "/img/uploads/9.jpg"
        },
        {
          "img": "/img/uploads/12.jpg"
        },
        {
          "img": "/img/uploads/10.jpg"
        }
      ]
    }
  ]
}